{"v":5,"entries":{"components-canvasboard--default":{"type":"story","subtype":"story","id":"components-canvasboard--default","name":"Default","title":"Components/CanvasBoard","importPath":"./src/components/CanvasBoard.stories.tsx","componentPath":"./src/components/CanvasBoard.js","tags":["dev","test"],"exportName":"Default"},"components-canvasboard--empty-board":{"type":"story","subtype":"story","id":"components-canvasboard--empty-board","name":"Empty Board","title":"Components/CanvasBoard","importPath":"./src/components/CanvasBoard.stories.tsx","componentPath":"./src/components/CanvasBoard.js","tags":["dev","test"],"exportName":"EmptyBoard"},"design-system-blueprint-library--overview":{"type":"story","subtype":"story","id":"design-system-blueprint-library--overview","name":"Overview","title":"Design System/Blueprint Library","importPath":"./src/components/design-system/WidgetBlueprints.stories.tsx","tags":["dev","test"],"exportName":"Overview"},"control-center-controlcentershell--default":{"type":"story","subtype":"story","id":"control-center-controlcentershell--default","name":"Default","title":"Control Center/ControlCenterShell","importPath":"./src/control-center/ControlCenterApp.stories.tsx","componentPath":"./src/control-center/ControlCenterShell.js","tags":["dev","test"],"exportName":"Default"},"elements-workbench--default":{"type":"story","subtype":"story","id":"elements-workbench--default","name":"Default","title":"Elements/Workbench","importPath":"./src/elements/components/ElementsWorkbench.stories.tsx","componentPath":"./src/elements/components/ElementsWorkbench.js","tags":["dev","test"],"exportName":"Default"}}}